Hari,Temperatur,Tekanan,Getaran,Gangguan
2024-01-01,79.96714153011233,227.98710873172004,0.2324821725025618,0
2024-01-02,73.61735698828815,218.49267365825537,0.2855481329284482,0
2024-01-03,81.47688538100692,201.19260739840348,0.22075800790000386,0
2024-01-04,90.23029856408026,187.06126444588853,0.26920384703609596,0
2024-01-05,72.65846625276664,213.9644662722718,0.11063853330462142,0
2024-01-06,72.6586304305082,207.869707708435,0.32132937073729384,0
2024-01-07,90.79212815507391,217.90386440055465,0.3001205475362224,0
2024-01-08,82.67434729152909,212.70343603363938,0.21829113689318091,0
2024-01-09,70.30525614065049,220.9910543063867,0.3659245668432405,0
2024-01-10,80.42560043585965,189.29529576878863,0.3937570137626558,0
2024-01-11,70.36582307187538,226.34788131268652,0.13924401356310256,0
2024-01-12,70.34270246429743,203.951992093848,0.22372752214337854,0
2024-01-13,77.41962271566034,241.5052174525053,0.22308576502127014,0
2024-01-14,55.86719755342202,186.21624363820865,0.2060096898891135,0
2024-01-15,57.75082167486967,234.719276063305,0.3829474841931748,0
2024-01-16,69.37712470759027,203.95821566925295,0.28061738612271964,0
2024-01-17,64.87168879665576,186.97163992771104,0.2735485158689389,0
2024-01-18,78.14247332595274,190.32228331891358,0.09961376355932464,0
2024-01-19,65.91975924478788,193.5930538361136,0.36354180302092265,0
2024-01-20,60.87696298664709,208.48331892803833,0.17607416051465274,0
2024-01-21,89.65648768921554,210.45670976071,0.3059932630266328,0
2024-01-22,72.74223699513465,188.52599992122842,0.3277376937958192,0
2024-01-23,75.67528204687923,199.51290815478035,0.4360658595838651,0
2024-01-24,60.75251813786544,242.8454071722373,0.16911796008808877,0
2024-01-25,69.55617275474818,234.55086340201422,-0.001951215582082555,0
2024-01-26,76.10922589709867,208.72647339348063,0.31838495447536946,0
2024-01-27,63.490064225776976,200.760069563364,0.48005111815108537,0
2024-01-28,78.75698018345672,202.40062653436522,0.4238946352939437,0
2024-01-29,68.99361310081196,212.27035945460833,0.32096594152746255,0
2024-01-30,72.08306250206724,179.5441486960319,0.25083638143679526,0
2024-01-31,68.98293387770603,194.8524692515331,0.380712259663731,0
2024-02-01,93.52278184508938,166.6283185224482,0.20264538002955312,0
2024-02-02,74.86502775262066,207.9844624521056,0.3476357769356219,0
2024-02-03,64.422890710441,212.9439187940548,0.3505470159166627,0
2024-02-04,83.22544912103189,190.33627075401253,0.40602099074988796,0
2024-02-05,62.791563500289776,231.47973526580066,0.5759660038911077,1
2024-02-06,77.08863595004756,175.4846867399532,0.3392415967178767,0
2024-02-07,55.403298761202244,170.7125023958036,0.24910363742925012,0
2024-02-08,61.71813951101569,204.48903637119943,0.29744256878080055,0
2024-02-09,76.96861235869123,220.9419660522431,0.12309240951108816,0
2024-02-10,82.3846657999541,233.67855382915738,0.23052868689109418,0
2024-02-11,76.7136828118997,190.8223147426212,0.2590717561886896,0
2024-02-12,73.8435171761176,221.5736166686259,0.24759116020654073,0
2024-02-13,71.98896304410711,199.22983060998587,0.3152354872033722,0
2024-02-14,60.214780096325725,196.5474540011836,0.21775800676177992,0
2024-02-15,67.80155791605291,217.67319874973344,0.4121030667324471,0
2024-02-16,70.39361229040213,213.04645756826838,0.3000207064918197,0
2024-02-17,85.57122226218915,168.472156860315,0.29906996788613854,0
2024-02-18,78.43618289568461,229.53080699451792,0.2672105283487082,0
2024-02-19,57.36959844637266,227.60182708294903,0.3155190683858979,0
2024-02-20,78.24083969394795,187.4887459698094,0.38250982646676346,0
2024-02-21,71.14917719583684,207.91607066874818,0.21328697842890995,0
2024-02-22,68.23077999694041,209.88060372565477,0.23418835109247432,0
2024-02-23,81.11676288840867,205.21347531647814,0.2696273971223335,0
2024-02-24,85.30999522495951,188.9938969230916,0.1654129076526785,0
2024-02-25,84.31280119116198,186.56753264123898,0.2180742140278502,0
2024-02-26,66.60782476777362,199.4889185801711,0.2523779126455341,0
2024-02-27,71.90787624148786,223.45458038518728,0.38743891807127273,0
2024-02-28,78.31263431403563,210.87200309188864,0.3262561329001925,0
2024-02-29,84.75545127122359,192.58771335827788,0.3193589911367544,0
2024-03-01,70.2082576215471,215.4339742129669,0.38508979621679723,0
2024-03-02,73.14341023336183,143.02914758739848,0.2862628211600603,0
2024-03-03,63.93665025993972,222.97531400744208,0.3390464849928889,0
2024-03-04,63.037933759193294,165.20572442443802,0.28967782470675035,0
2024-03-05,83.12525822394198,192.75118117193736,0.3265362349399628,0
2024-03-06,88.56240028570824,177.60660210747713,0.2417241342388418,0
2024-03-07,74.27989878419666,174.1063704855819,0.056118284172357064,0
2024-03-08,85.03532897892023,223.2165357475704,0.28657208378136956,1
2024-03-09,78.61636025047635,190.64597597376218,0.442274813609994,0
2024-03-10,68.54880245394875,206.93007763461432,0.39262154022415924,0
2024-03-11,78.61395605508415,199.06158842241632,0.39653974845911705,0
2024-03-12,90.38036566465969,209.54081654446242,0.4236130721806218,1
2024-03-13,74.64173960890048,201.5364378212051,0.3088657590961437,0
2024-03-14,90.64643655814007,174.3401555162286,0.3197315707405596,0
2024-03-15,48.80254895910255,219.9253363889428,0.23823481045656497,0
2024-03-16,83.21902504375224,190.12486833677374,0.268392714397295,0
2024-03-17,75.87047068238171,168.868362026805,0.36157711497711414,0
2024-03-18,72.00992649534132,191.43769678068176,0.4203884437168816,0
2024-03-19,75.91760776535503,230.01519581268622,0.28605537243190005,0
2024-03-20,55.124310853991076,217.00443484226986,0.2549810735148588,0
2024-03-21,72.80328112162488,193.0269573118428,0.3000527958856597,0
2024-03-22,78.57112571511746,193.01484591363143,0.3601206748929115,0
2024-03-23,89.77894044741517,193.56729897565234,0.1556145183866458,0
2024-03-24,69.81729781726352,241.53495967121682,0.07038190468627617,0
2024-03-25,66.91506397106812,207.63870904463107,0.24494631505084163,0
2024-03-26,69.98242956415463,208.6008329438214,0.1779287574085841,0
2024-03-27,84.15402117702074,220.60566908063686,0.2491859802352689,0
2024-03-28,78.28751109659684,204.77578318053028,0.28522196811825284,0
2024-03-29,69.70239796232961,194.81915708358594,0.25467515909769867,0
2024-03-30,80.13267433113356,196.07300301830043,0.44524675344707454,0
2024-03-31,75.9707754934804,198.56797481171873,0.332674476460232,0
2024-04-01,84.68644990532889,199.25555526980318,0.3300474359610828,0
2024-04-02,67.97946906122648,214.5525908727396,0.36222071440434017,0
2024-04-03,71.72337853402232,201.038917716146,0.18611668822192307,0
2024-04-04,71.07891846867842,214.6528015443116,0.40391117874202687,0
2024-04-05,60.364850518678814,198.38566839782834,0.292423571346454,0
2024-04-06,77.96120277064576,201.5727038063218,0.36704806172412124,0
2024-04-07,77.6105527217989,160.03598630935784,0.19281427669598444,0
2024-04-08,75.05113456642461,218.32655349404962,0.14462412339839353,0
2024-04-09,72.65412866624852,206.92976951795984,0.3817889658025029,0
2024-04-10,60.84629257949586,219.96020219719304,0.33764095260975163,0
2024-04-11,70.79354677234642,142.07489243612622,0.20979484456424896,0
2024-04-12,71.57285483473231,241.76749409561455,0.21303369187253055,0
2024-04-13,66.9772273077838,197.20820743689652,0.41254347844147693,0
2024-04-14,73.3871428833399,222.16365633475033,0.18105881071326718,0
2024-04-15,79.04050856814538,179.20188145748938,0.46426729532559635,0
2024-04-16,93.8618590121053,212.25547810125138,0.2099379265352131,0
2024-04-17,76.74577812831839,178.93168873652687,0.3638391925608383,0
2024-04-18,77.57550390722764,187.5246207860839,0.2671381524251015,0
2024-04-19,74.25554084233833,238.28062707733574,0.3603187431082343,0
2024-04-20,55.812287847009586,196.18635198473308,0.24558859978858072,0
2024-04-21,74.73486124550783,204.34865746359446,0.28372070939277055,0
2024-04-22,75.60230209941027,217.40135461377508,0.3040919175395721,0
2024-04-23,99.63242112485287,209.9136377594521,0.1997812544218527,0
2024-04-24,73.07639035218878,203.00837810287152,0.37408243454201257,0
2024-04-25,78.01547342333612,207.2992200493245,0.24867864335284146,0
2024-04-26,74.65288230294756,248.0683117047655,0.2771400084659981,0
2024-04-27,63.31321962380468,198.8476240593283,0.20056506253914874,0
2024-04-28,86.4282281451502,204.02198093429934,0.04376663412046894,0
2024-04-29,82.51933032686775,221.01308792015223,0.2808972237399831,0
2024-04-30,82.91031947043047,222.11051865915968,0.5412615421612916,1
2024-05-01,65.9061254520526,223.7406061112076,0.37846042878980235,0
2024-05-02,89.02794310936099,212.7746044405837,0.2980739620265605,0
2024-05-03,60.98148937207719,177.13990174539032,0.2737109170791732,0
2024-05-04,80.8685709380027,232.6686306460219,0.3022465892812046,0
2024-05-05,96.90455625809979,177.07309213962623,0.354711911517521,0
2024-05-06,65.09463674869312,206.05270930478068,0.1819187184691155,0
2024-05-07,69.33702270397228,184.91448299961283,0.4114321694668872,0
2024-05-08,75.99651365087641,198.71723306814016,0.3715381315441244,0
2024-05-09,69.965243458838,206.5752482060696,0.3718185725707934,0
2024-05-10,59.493365689338674,206.42714430900546,0.3438475738809727,0
2024-05-11,75.68562974806028,208.4384150847057,0.301961665769399,0
2024-05-12,64.37696286273895,232.27422538117293,0.367286123596682,0
2024-05-13,79.73592430635182,209.0706860302796,0.3591814133741378,0
2024-05-14,65.80575765766197,195.11686729418702,0.2645959289058976,0
2024-05-15,90.4993440501754,219.28174336576714,0.2426398227103099,0
2024-05-16,67.16746707663764,223.78940977849282,0.31018562952619866,0
2024-05-17,71.77938483794324,175.44784369726014,0.4549020151495187,0
2024-05-18,83.1351721736967,211.94800139699717,0.1760892924346099,0
2024-05-19,62.69135683566045,214.02345484621796,0.15324747342475598,0
2024-05-20,77.2745993460413,194.04872993280017,0.3164760841236517,0
2024-05-21,88.07142754282428,227.51413626623238,0.3050887701856018,1
2024-05-22,58.92516765438772,196.99888825934946,0.3173341664370408,0
2024-05-23,76.84633858532304,202.51152906943085,0.32439531979085,0
2024-05-24,77.59882794248423,196.53856351432262,0.2776797745365195,0
2024-05-25,82.81822871777311,200.31158095162934,0.4489863438602082,0
2024-05-26,62.63049289121918,178.07449826209597,0.13990960215234843,0
2024-05-27,61.795433869157236,171.1989823481141,0.2171502975219754,0
2024-05-28,80.21941565616898,231.89010126449944,0.28967452398509524,0
2024-05-29,77.96984673233186,183.06077303363344,0.13568111888458326,0
2024-05-30,77.50492850345877,180.17215301087384,0.28241455955679284,0
2024-05-31,78.46448209496975,156.9321977279257,0.46614701657280183,0
2024-06-01,68.1997527842151,187.22076504620995,0.3020886488295962,0
2024-06-02,77.32253697161003,173.53820413185002,0.32307009057186836,0
2024-06-03,77.93072473298682,232.8403032027274,0.17398352348274196,0
2024-06-04,67.85648581973632,220.19634178685268,0.23836385919605224,0
2024-06-05,93.65774511144757,186.23699309644553,0.26248036196760627,0
2024-06-06,79.73832920911788,245.04871610688616,0.26822849032437657,0
2024-06-07,63.08696502797351,219.63530973983188,0.4281643795003769,0
2024-06-08,81.5655360863383,193.50337232982756,0.35576910607251244,0
2024-06-09,65.25318329772679,150.01188570252853,0.1888542043062968,0
2024-06-10,82.87084603742451,245.81885145181485,0.3246504778432005,0
2024-06-11,86.58595579007404,172.20855066472808,0.3498221748496785,0
2024-06-12,66.7931768164829,167.09202506086217,0.41401490385212664,0
2024-06-13,84.63376129244321,220.4514086401928,0.45805406865683734,1
2024-06-14,79.12780926936499,248.79504812678545,0.1984905808172131,0
2024-06-15,83.2206015999449,227.68545637021037,0.21891424887896616,0
2024-06-16,93.96792982653947,211.2781824010472,0.17424221410853835,0
2024-06-17,72.5461188399713,211.89508683330573,0.27659801408930185,0
2024-06-18,67.4626383564251,217.06831117560614,0.34663583744463344,0
2024-06-19,66.10485570374476,215.1785717957353,0.39873345165891017,0
2024-06-20,66.84189715034562,205.62382847938753,0.29240489763574773,0
2024-06-21,74.22898290585896,202.0840220790375,0.26801524767451557,0
2024-06-22,78.41151974816644,198.74813744200955,0.31517579922487404,0
2024-06-23,77.7669079933002,184.92070822266646,0.21648570983699766,0
2024-06-24,83.27183249036024,194.38649846266452,0.5089538721694773,0
2024-06-25,75.13001891877907,166.1408637160923,0.1392338972881941,0
2024-06-26,89.53534077157317,198.033207464105,0.31847405788957245,0
2024-06-27,72.35343166762044,180.22817785698166,0.5023606219229639,0
2024-06-28,102.20169166589619,177.92821365568457,0.30067998445599975,0
2024-06-29,81.25667347765007,203.59788302306956,0.2809960964998505,0
2024-06-30,66.42842443583717,227.840045726892,0.26425545771895725,0
2024-07-01,64.29107501938887,218.36633212004625,0.2819608318237592,0
2024-07-02,79.82472415243186,168.58998792753647,0.437284847467653,0
2024-07-03,72.7653721467415,180.20743726859325,0.0788138088670493,0
2024-07-04,82.14000494092092,218.81542375976431,0.45334337012963255,0
2024-07-05,79.73237624573545,180.3502521292338,0.15760428475498547,0
2024-07-06,74.27171087343127,195.50733700005952,0.2733347670765585,0
2024-07-07,66.53206281931595,211.00104198049104,0.2570755579701338,0
2024-07-08,59.851527753141355,180.6331109027273,0.35885532697707195,0
2024-07-09,70.53485047932979,202.1075101229192,0.14018756481162523,0
2024-07-10,83.56398794323472,173.31949010163592,0.3462172666081943,0
2024-07-11,77.14093744130204,187.97264712097572,0.5024309623286852,0
2024-07-12,62.542612212880115,206.39563868285074,0.16368259954071893,0
2024-07-13,76.73180925851182,168.1401253293666,0.31897061676103955,0
2024-07-14,78.85317379728836,208.80949475920798,0.2338017822203391,0
2024-07-15,66.16142563798867,199.60724402146639,0.34258872061930357,0
2024-07-16,76.53725105945527,211.04979908834295,0.3019147777415752,0
2024-07-17,75.58208718446,204.47828268129322,0.235851309095569,0
2024-07-18,63.57029702169377,227.28280859947688,0.3487872284871074,0
2024-07-19,78.57787360348283,202.50449005295815,0.4804348109786743,0
2024-07-20,80.60784526368235,191.41188917749494,0.2809096208272701,0
2024-07-21,85.83051243175277,202.44595006064569,0.3719757942148182,0
2024-07-22,85.53802052034902,210.86596058072774,0.1706727042128836,0
2024-07-23,61.22330632042909,200.9772014065141,0.2043563623181991,0
2024-07-24,65.62174960084877,200.81183382407764,0.3472406277880377,0
2024-07-25,80.1503526720866,185.9601662438649,0.4484116028535965,0
2024-07-26,80.1378595091221,186.74198164898104,0.335561334878566,0
2024-07-27,80.15047686306048,171.94789456400613,0.26869419694768454,0
2024-07-28,113.52731490654722,234.9915348637388,0.2999291405423354,1
2024-07-29,80.70890510693167,175.1227352921743,0.17495922660302823,0
2024-07-30,86.35565640180599,186.14189604408185,0.36045153263553664,0
2024-07-31,84.54001763493203,185.63185468861604,0.3882333062323409,0
2024-08-01,81.51391251305797,217.89848753888882,0.25479096671669194,0
2024-08-02,71.84730755359655,194.10100643415944,0.25299578522404986,0
2024-08-03,82.58969220493267,224.95484145347467,0.32658782296520483,0
2024-08-04,67.27174785462428,186.53018751512263,0.25632802639594043,0
2024-08-05,72.63181393259991,205.57988324447604,0.29338673853741776,0
2024-08-06,70.14636452170896,183.29305893480486,0.5099721789166516,0
2024-08-07,75.81874139386322,242.90298255546776,0.2752974299254003,0
2024-08-08,98.14658566673509,176.24803161940974,0.2641659847978778,0
2024-08-09,56.32734807408252,206.19641420454056,0.23524581943648407,0
2024-08-10,81.86260190374513,212.67553761864198,0.37441919714999367,0
2024-08-11,58.87284128810349,208.27598194902995,0.2818775826781897,0
2024-08-12,70.28068134210567,196.29424682244584,0.23506269616785738,0
2024-08-13,85.88950596967366,197.40358600533148,0.43213040322730123,1
2024-08-14,75.64280019095463,200.8762294395822,0.4419603004513637,0
2024-08-15,64.22255222070694,197.05995996743022,0.23995764342612946,0
2024-08-16,67.84696290740033,219.2775823358982,0.11334600486393837,0
2024-08-17,81.79597748934675,244.21046003182704,0.40075136898369224,1
2024-08-18,67.69633368282864,188.85016429984333,0.23153701742399957,0
2024-08-19,77.16458589581976,172.60394040841845,0.37906255991627685,0
2024-08-20,75.45571839903813,198.2343590329749,0.10298961822881642,0
2024-08-21,68.48399652394183,251.59418675308638,0.3892597338299309,0
2024-08-22,96.43944089325325,183.9265086406054,0.17888280707192186,0
2024-08-23,81.33919022318011,232.78233610888134,0.3730764119066524,0
2024-08-24,54.74857413342393,233.55401628152882,0.3014273067836434,0
2024-08-25,76.86454314769428,188.9282351658401,0.2046060580603355,0
2024-08-26,68.38213535231613,211.3796615837055,0.2592963687073219,0
2024-08-27,83.52433334796224,232.56793246257075,0.3686318456956701,0
2024-08-28,67.07479261567299,192.41744518025027,0.31058944531152344,0
2024-08-29,73.85263558533102,195.92839279795277,0.35844129804724845,0
2024-08-30,80.04987278980457,188.36638172102712,0.4976440584515486,0
2024-08-31,83.65755194170121,179.70486538614267,0.14357583882889485,0
2024-09-01,62.997035929442234,187.01444909867985,0.4617212574968624,0
2024-09-02,71.65498764159051,175.52119466475486,0.31043559375232127,0
2024-09-03,70.25054688839043,200.68166936518452,0.21012159516768716,0
2024-09-04,68.46670767426288,184.60053537882717,0.166968637426101,0
2024-09-05,92.65454240281096,204.67571823581494,0.28108796092229665,0
2024-09-06,79.04981710960955,168.88208707592744,0.39216501119244596,0
2024-09-07,62.391160456649544,206.61760464428914,0.28724508796224657,0
2024-09-08,84.17861947054776,216.67057923217848,0.45111549302473475,0
2024-09-09,96.22156197012633,160.1252871485709,0.15488243099484408,0
2024-09-10,85.32465260551147,207.48113139695144,0.29879110521539454,0
2024-09-11,59.80630034045987,224.55337984946584,0.17476065555868808,0
2024-09-12,70.15765927133748,175.8071796261759,0.3363631882624968,0
2024-09-13,87.66911149186623,233.45144773675406,0.38868873900973,1
2024-09-14,67.92330534381219,208.3803801873209,0.2579238206318947,0
2024-09-15,79.43819428146229,185.89976288483183,0.039578614337286544,0
2024-09-16,82.74634053429337,198.88461844684588,0.3198948146796494,0
2024-09-17,65.73069528421917,211.16653825043446,0.3436738551733509,0
2024-09-18,74.404746439382,201.52010782824823,0.34042947549616975,0
2024-09-19,42.58732659930927,210.77511984892737,0.4235782191822154,0
2024-09-20,64.7561235866571,181.5865281384127,0.1928946320350951,0
2024-09-21,72.4743184860684,203.38721648072155,0.36802161054504495,0
2024-09-22,62.52216818035151,171.7257100619004,0.4192507512477975,0
2024-09-23,91.32411303931636,197.77547877302598,0.1221412415993483,0
2024-09-24,60.69858622039367,181.9218471707042,0.3319651825918977,0
2024-09-25,70.59955513303017,185.28940114820466,0.24958201689923284,0
2024-09-26,76.30740577286092,224.72186350420876,0.2918477326898354,0
2024-09-27,89.41273289066116,221.8262024118854,0.3347676483538336,1
2024-09-28,60.6413784882056,212.18276241814354,0.2512771435886447,0
2024-09-29,86.63163752154959,178.15374470654842,0.2324291920838388,0
2024-09-30,75.10233061019586,193.67183100610396,0.30341524174880247,0
2024-10-01,65.18491348952048,224.26195399958368,0.19127540611371974,0
2024-10-02,79.6210347426327,202.8343382727981,0.19141748711148143,0
2024-10-03,76.9905969557347,246.3865907996339,0.36793732829565035,0
2024-10-04,68.99783122841205,207.86635678788744,0.18512059648413437,0
2024-10-05,75.69802084990019,203.84098232980062,0.3666312500909212,0
2024-10-06,71.14686403138239,193.81767071595,0.3462591292853951,0
2024-10-07,76.13517345251248,202.67081809564564,0.1274193271209403,0
2024-10-08,81.62130674521046,196.95060327238912,0.23224353476643447,0
2024-10-09,90.86016816145352,214.1621735337718,0.41941094030473725,1
2024-10-10,62.62184501173151,219.1340463358917,0.20188344688603183,0
2024-10-11,96.33033374656267,184.28021078984102,0.25355957376906124,0
2024-10-12,55.47912200477498,173.37534092884442,0.34620608932518965,0
2024-10-13,73.48214904964416,163.27589253793406,0.37833905092825953,0
2024-10-14,80.88317206484577,210.15982653825088,0.27484611139555043,0
2024-10-15,77.80991867735032,177.93266787652254,0.24024898053083582,0
2024-10-16,68.77300480179406,156.94218814095035,0.44223698616985074,0
2024-10-17,72.91877749642725,207.7715720906193,0.4738899663797579,0
2024-10-18,70.06999065341168,249.8599903486558,0.39788580507817956,0
2024-10-19,69.10635243055789,199.87858176920213,0.3085318142565024,0
2024-10-20,83.49602097021025,216.76981548903285,0.21917342783590735,0
2024-10-21,78.57015485965047,201.6365871709513,0.21695555934434346,0
2024-10-22,68.07090404739346,198.02220693617716,0.3522514105265757,0
2024-10-23,83.9959987543325,218.38152965975536,0.3418398220888684,0
2024-10-24,78.07299520876609,194.19450911622698,0.44015985929464296,0
2024-10-25,83.1286211883896,205.34784628143805,0.36504500925361394,0
2024-10-26,81.29628841923612,206.43395612392027,0.14969196982401817,0
2024-10-27,66.71004989077927,186.63819092713902,0.40519476177229186,0
2024-10-28,69.3981895980303,219.84084699073045,0.2001939372685587,0
2024-10-29,82.47293605123262,196.50080486609184,0.2616028728047648,0
2024-10-30,81.10370265433465,184.8850968101431,0.32502002062516944,0
2024-10-31,74.79098406035853,210.73019687140808,0.4995667489783964,0
2024-11-01,76.17327383308782,182.03064036417925,0.610991855600536,0
2024-11-02,87.77664895788425,200.56362314738257,0.36067230591361826,0
2024-11-03,69.0842861116417,199.81762006711594,0.2816803381279612,0
2024-11-04,80.47097381170038,221.71791131663156,0.35345056484805504,0
2024-11-05,72.97807347566106,209.49396465759907,0.3887655425873836,0
2024-11-06,72.82318796772779,199.49946082509712,0.2679332374442808,0
2024-11-07,85.9877685198719,216.35532598400573,0.4795211355912322,1
2024-11-08,83.2541634898803,227.80415098034626,0.3230070759191402,0
2024-11-09,83.13509636000639,211.15620612703725,0.3497743089091394,0
2024-11-10,88.05478807154329,200.20705239686762,0.3665924252054461,0
2024-11-11,75.21003841632759,173.7632753529968,0.34215866106144555,0
2024-11-12,81.81952971294965,178.69772673849255,0.3838940500469612,0
2024-11-13,71.89733243406543,193.89550591290666,0.23827468134530766,0
2024-11-14,78.24166352488442,187.80975595681434,0.24416982460539693,0
2024-11-15,73.69856945632316,196.26057394029107,0.18998457670283048,0
2024-11-16,75.96995964992718,201.13299849794214,0.34395012306202266,0
2024-11-17,80.95157025436913,210.5938550871346,0.3778936503512114,0
2024-11-18,66.81779316766527,198.59002443881818,0.3457772866151886,0
2024-11-19,95.9238727568546,209.73003287652404,0.46744924333475374,1
2024-11-20,64.93982618500299,201.2894882962024,0.29944039811709533,0
2024-11-21,62.85811387212268,160.49066867292257,0.36687416555925123,0
2024-11-22,86.58110873500068,181.2132921236249,0.19082991238606856,0
2024-11-23,82.91662693962935,197.11824888556768,0.2612900297525599,0
2024-11-24,81.24119817052156,175.80610514317786,0.3695537757565778,0
2024-11-25,81.2834550926428,211.9985745999241,0.3849102110743144,0
2024-11-26,74.87753227153085,230.61501664687395,0.2706033052335818,0
2024-11-27,66.02745628514168,224.37523703394635,0.29284007481419333,0
2024-11-28,75.75804558193727,195.73114258139583,0.14821262533191903,0
2024-11-29,68.22838288487888,229.81452273699904,0.26429707991933904,0
2024-11-30,84.7511973341775,202.97334914404223,0.3890383163519786,0
2024-12-01,73.52942618497862,193.25828057763923,0.3575205016106566,0
2024-12-02,66.74502803207488,187.7319467291812,0.350066572138121,0
2024-12-03,71.78614158347007,193.95060627023744,0.304977368718096,0
2024-12-04,79.12931454275625,192.23646362917543,0.30070631586281765,0
2024-12-05,69.36275447196026,203.40832444750976,0.23396788605265528,0
2024-12-06,66.77779604433569,203.2114796209973,0.36988284202025346,0
2024-12-07,77.43687211491913,200.06092040306828,0.342097294438939,0
2024-12-08,77.44966571108722,208.738763394927,0.34920188479927994,0
2024-12-09,69.9305682462887,223.81292549572683,0.24739651573324195,0
2024-12-10,70.28961694381677,218.99108270882647,0.08466570801287554,0
2024-12-11,77.32049937357637,170.30204063100194,0.40971527117536954,0
2024-12-12,60.51915658502676,148.9215773019609,0.2521162543991596,0
2024-12-13,60.92536225623445,218.68639822478548,0.21372242359568794,0
2024-12-14,67.81555778747564,172.66242603169158,0.3693478911913994,0
2024-12-15,72.86552848288153,195.50469196214632,0.260798736008087,0
2024-12-16,78.10907565598005,176.5977394788128,0.4059936384046622,0
2024-12-17,89.75356216949552,163.96039124839962,0.36170059495766976,0
2024-12-18,83.5765962320202,210.82925456409575,0.36835693232004774,0
2024-12-19,73.40061470036574,215.18310320605295,0.16340442887994655,0
2024-12-20,74.80983792097311,188.4697919854656,0.42119439853864005,0
2024-12-21,64.97470635362191,148.1791541571018,0.3261250531233856,0
2024-12-22,74.8148686400761,189.07511103495034,0.2630722860753797,0
2024-12-23,72.11341361079862,207.83608010805094,0.3143388467342251,0
2024-12-24,78.22718560338089,170.42176862451743,0.12237647671016799,0
2024-12-25,66.72769056447677,203.6671983955831,0.3408652811480671,0
2024-12-26,80.19346514241172,199.6938030165401,0.19706284918179284,0
2024-12-27,90.32738913002578,211.58582999202176,0.16473297141564655,0
2024-12-28,73.91239851543142,202.39160736828308,0.14776408137821087,0
2024-12-29,79.01711722098942,180.5386211823689,0.4112688374989925,0
2024-12-30,81.90143991711112,223.93143003328981,0.2370736606307211,0
2024-12-31,70.98779528114164,196.8294085394606,0.4533727709916499,0
2025-01-01,77.24092481810416,199.45390920980137,0.2464198536947702,0
2025-01-02,75.12592400781794,181.3346408185361,0.1292642042407053,0
2025-01-03,75.97676098548831,191.1343549761698,0.1883475560051341,0
2025-01-04,67.26990216144533,182.30394571946198,0.42358116200069384,0
2025-01-05,75.24510174258943,196.54107880153154,0.28441018220633324,0
2025-01-06,79.9799829124545,234.23416960284686,0.24517127035093988,0
2025-01-07,89.51143607795042,172.56197714137286,0.31600182258527876,0
2025-01-08,84.59270826085206,167.72877204246518,0.35017827361675447,0
2025-01-09,96.53182457511556,229.42340654987217,0.4117398815902461,1
2025-01-10,67.3265243711195,195.81352645696268,0.4448499229892926,0
2025-01-11,83.72320636720679,186.61854522680167,0.2640231354210914,0
2025-01-12,76.83342005738352,220.79809374792154,0.16739523139179616,0
2025-01-13,96.89802933217672,187.88768920526272,0.2586534838876724,0
2025-01-14,66.91701714644849,236.52019427093873,0.3260280506582886,0
2025-01-15,66.60278157819224,213.5585174267854,0.20362410737893888,0
2025-01-16,69.00607354555977,190.24177183708593,0.2042849085104957,0
2025-01-17,53.76104275690193,243.14616426531006,0.33437878815498856,0
2025-01-18,69.74244978319238,187.88570153993322,0.29513476484295487,0
2025-01-19,67.40867338446301,214.84190744018613,0.30327969954115863,0
2025-01-20,76.50393786476208,205.98585160812985,0.22415046652999304,0
2025-01-21,78.4175597577716,226.03482578797596,0.27695992857942325,0
2025-01-22,93.76170839215887,231.23022393453707,0.20757668557316955,1
2025-01-23,84.5042383818605,200.64008298131535,0.38901984111247867,0
2025-01-24,69.23096344337597,184.93164259307633,0.4035249334723753,0
2025-01-25,66.01585328651642,209.19944285878233,0.1153812137761906,0
2025-01-26,79.91919171506505,186.44569260495788,0.20704891398075898,0
2025-01-27,61.797667929793576,240.26774495053246,0.15034707449099208,0
2025-01-28,93.31458765854353,202.73070662165475,0.23499760655931018,0
2025-01-29,86.79440120721287,192.69356897375783,0.2916562030209639,0
2025-01-30,70.30824347895295,203.69360611729817,0.15503547803014697,0
2025-01-31,57.868654709091224,173.05747420940608,0.20781401868746868,0
2025-02-01,88.53872374165412,180.56771922978697,0.19960426279185012,0
2025-02-02,73.85460154747382,224.00827815888852,0.3207267329398944,0
2025-02-03,87.37816311973462,186.86211442057208,0.30693443370362505,0
2025-02-04,59.05572341205633,179.06178034636122,0.22782624466627466,0
2025-02-05,69.00624977046228,210.73305505054572,0.3176820872139398,0
2025-02-06,75.05243699718183,223.71408309325994,0.24533199154127344,0
2025-02-07,75.46980593764742,214.37906621330134,0.27283448896739465,0
2025-02-08,70.49934528520757,219.92095371611632,0.4673452090298537,0
2025-02-09,81.22849932347499,184.86409822861077,0.43404610517903475,0
2025-02-10,64.32379570617405,171.56378666516312,0.17004187630724021,0
2025-02-11,73.57620514978707,230.02667303910974,0.3829732417879175,0
2025-02-12,76.20295631711899,193.54640322315728,0.3811396554491592,0
2025-02-13,80.14438834058748,194.98333967089906,0.18517367112473815,0
2025-02-14,82.11614878088889,226.56388283698115,0.38187776437548604,0
2025-02-15,63.75357908162131,211.1246001880132,0.4537931918412553,0
2025-02-16,59.65885829264378,209.11775544163214,0.1877455193755586,0
2025-02-17,87.7767682189851,243.30004689802166,0.2082497178985736,1
2025-02-18,78.32314011979592,187.12963539239715,0.40176614668435023,0
2025-02-19,67.51513463443446,218.55680256162475,0.3271495310825648,0
2025-02-20,90.51151975522524,201.14026249794168,0.35514762752395235,0
2025-02-21,76.15674634292859,205.37184557726513,0.3340589216400497,0
2025-02-22,86.79297184063826,230.56936852825064,0.3390695920928144,1
2025-02-23,75.67518481410109,210.1567151257925,0.16735278716889168,0
2025-02-24,95.60747924881987,210.76592158099265,0.40473177066214483,1
2025-02-25,92.55340842443204,221.45014674619605,0.41695899924277735,1
2025-02-26,72.51035851520926,192.7009454091423,0.2770609255931972,0
2025-02-27,84.71570950954356,183.2158066532199,0.2956523050186137,0
2025-02-28,81.45375949585147,179.10381611957934,0.14688924974442777,0
2025-03-01,88.68631557532349,160.67286821247995,0.3514254756017835,0
2025-03-02,65.35076539419896,241.12414259880643,0.3572057441714144,0
2025-03-03,81.8605145999844,177.93583268556634,0.29378089830006887,0
2025-03-04,85.58424486849587,195.57492752828455,0.4124353359870503,1
2025-03-05,57.41260513576886,194.4637340022216,0.26659227690200593,0
2025-03-06,63.16741487334225,206.14813395618202,0.35646059258936,0
2025-03-07,54.607678222398995,216.31474425078594,0.19803356613078843,0
2025-03-08,72.30593165555442,217.20946976719492,0.2976447849125762,0
2025-03-09,82.17542255795962,188.33845122862124,0.2825645742097164,0
2025-03-10,90.02357052096028,196.65756572427176,0.32253079220409414,0
2025-03-11,75.74094780419775,205.651599009766,0.26304730711666413,0
2025-03-12,91.28615545571292,195.02617747632905,0.2868527404328332,0
2025-03-13,61.198985417851084,232.14691152039984,0.3826047171441506,0
2025-03-14,57.96617560644845,209.81949903276504,0.25632357627617824,0
2025-03-15,74.44452301103381,214.69755572099635,0.13934228992613204,0
2025-03-16,78.84065448939307,213.25762537334825,0.47495839042054205,0
2025-03-17,74.67305251905907,223.4694771497065,0.43814540786904865,1
2025-03-18,54.325578999601234,203.62043117407413,0.1707737304894381,0
2025-03-19,74.10879960487212,174.06336104088308,0.3689707805245194,0
2025-03-20,61.95530499495147,207.99375903505285,0.24970252294486567,0
2025-03-21,81.69672548830039,186.9728621241634,0.32634872153310596,0
2025-03-22,78.66598246096848,189.42766636500485,0.3294224129013494,0
2025-03-23,65.60120213672644,211.72728037510186,0.2765592199683678,0
2025-03-24,69.86133082663306,224.76566142867273,0.22162343344136032,0
2025-03-25,64.40786478111049,200.42543153472124,0.23094589476837404,0
2025-03-26,74.37320902726829,206.17666025197929,0.20838080845187573,0
2025-03-27,84.55142320501238,234.04429889270477,0.2168177791769555,0
2025-03-28,65.14273953664457,204.81506358977137,0.2932821709950645,0
2025-03-29,80.04046515517844,252.0336622836079,0.2284240010889248,0
2025-03-30,69.69742381627559,211.3101929126309,0.368205206571262,0
2025-03-31,67.07127167737656,164.78474481688363,0.4487246155335927,0
2025-04-01,73.92969640045442,215.06683242209064,0.2419946758629957,0
2025-04-02,64.64757677580626,207.62316769765556,0.3239404500535377,0
2025-04-03,69.46350694652818,225.7950550816549,0.34996851103029336,0
2025-04-04,63.021221074111516,213.46362702539918,0.34720022709192744,0
2025-04-05,94.6472513291639,197.23088032032453,0.30759552679160873,0
2025-04-06,75.35263551971728,175.5140352742127,0.37426824183597224,0
2025-04-07,68.00274492007415,195.81953485427948,0.3482248952680657,0
2025-04-08,77.13979910734221,182.989590915814,0.17623375776727018,0
2025-04-09,73.8767195030917,188.38953100390555,0.3869156064389273,0
2025-04-10,72.79030400466777,211.77156808841218,0.3887290837266742,0
2025-04-11,81.14166700043425,233.39809008702812,0.22367138958214183,0
2025-04-12,82.57507710047305,207.8934305964596,0.30379378354476017,0
2025-04-13,69.69498852389472,176.0823387592963,0.3683328992811069,0
2025-04-14,69.2418175935532,208.8920533644028,0.27906861804206384,0
2025-04-15,72.24948302848355,223.93262973291303,0.40729780477660116,1
2025-04-16,51.980788352644154,187.80434191361235,0.536387249461936,0
2025-04-17,59.84808937801448,197.31965666654165,0.22140139673650175,0
2025-04-18,88.66874267444524,200.29376389458395,0.1618955396846225,0
2025-04-19,91.44967713501283,184.3020337383552,0.33038185956048755,0
2025-04-20,72.50963960443622,212.9656086768772,0.37215625051261436,0
2025-04-21,80.76556963055766,197.58103702784436,0.2769133626155231,0
2025-04-22,78.11250154543536,208.39064887814055,0.4453260663321034,0
2025-04-23,105.78880808455239,182.250156443958,0.1661394200276751,0
2025-04-24,86.19574911434577,191.25083399353178,0.36929186230316113,0
2025-04-25,73.72082408519233,214.44762715655543,0.23941391792411065,0
2025-04-26,65.44459559399574,192.54333695816467,0.47193779062072966,0
2025-04-27,58.93553679742428,234.5392770246681,0.4992515353168118,1
2025-04-28,77.03463635867223,192.00727628770795,0.22333434122166518,0
2025-04-29,67.43649254715697,204.49369451503773,0.24504428640914197,0
2025-04-30,60.77746290402326,218.6518166374618,0.38595878869798017,0
2025-05-01,68.53427115757474,171.63268534133937,0.2612869350210485,0
2025-05-02,64.18451996385605,164.78382376038448,0.2954588782067762,0
2025-05-03,91.87141635072564,169.4868737085981,0.30253884205424103,0
2025-05-04,83.81639756949451,225.25168206854363,0.10803268438023433,0
2025-05-05,74.92027358683383,188.96283708215105,0.29861622539057625,0
2025-05-06,89.79944138890026,251.16398571336504,0.2310272225935826,1
2025-05-07,75.77368307647619,188.71504802685223,0.2506877177600228,0
2025-05-08,66.38715798671737,203.69102606394074,0.44436320034688137,0
2025-05-09,90.23124077269657,230.8421990513575,0.17434931057207434,1
2025-05-10,80.38910043684659,240.12185776318245,0.3813205186747977,0
2025-05-11,64.62753845673544,241.23007153272795,0.2721037069668191,0
2025-05-12,73.09661321916391,224.16732461186285,0.27202398315041654,0
2025-05-13,66.24381746615242,220.48125051622924,0.37903718960517113,0
2025-05-14,61.172002690356635,211.85053898402367,0.33400512945688904,0
2025-05-15,84.26177547531641,215.56722152333276,0.3570612997219531,0
2025-05-16,94.0941664047013,188.97628567342935,0.3968184660532861,0
2025-05-17,61.01432426180859,183.63602233155385,0.26686916168166774,0
2025-05-18,80.62969236690572,199.93251085178096,0.23877632654922495,0
2025-05-19,68.49357430878173,196.59630754950143,0.19148494734422017,0
2025-05-20,70.12874616235304,190.9354390134545,0.21745894700210447,0
2025-05-21,69.07606075761132,213.9277489491343,0.5949094425308725,0
2025-05-22,66.36009230320184,219.1061041714102,0.42446795807367865,0
2025-05-23,75.48521627944827,201.76813772583694,0.16489256337919786,0
2025-05-24,66.69049883588963,229.55060162110524,0.16775420432564297,0
2025-05-25,77.70456825779839,177.1662177173299,0.34818660617184916,0
2025-05-26,74.49761890550863,196.12681081440564,0.3547264797377967,0
2025-05-27,72.6105195313359,185.6635535879439,0.35488838353173646,0
2025-05-28,65.92436337958402,162.66926765853879,0.2745044206446302,0
2025-05-29,69.23228669431667,198.34638628314602,0.28745457399971,0
2025-05-30,82.55391225825755,197.56504983233432,0.33278795241593573,0
2025-05-31,80.00917187624381,230.26899486484263,0.30858930062933304,0
2025-06-01,65.22444755201448,212.61623369109554,0.07806996272524647,0
2025-06-02,75.99332305429226,179.5162635134159,0.2770200369424806,0
2025-06-03,82.5138712337179,237.08185132668376,0.21485935657396862,0
2025-06-04,58.305947188786284,224.42067391050705,0.3175211418908512,0
2025-06-05,80.43360192379934,211.6419540693723,0.598525900260341,0
2025-06-06,68.37376241054153,195.47031802300336,0.33674816654743045,0
2025-06-07,80.70598668593159,180.8112152655304,0.2686470313827602,0
2025-06-08,67.36740843457483,192.55586447857894,0.39218015019772523,0
2025-06-09,56.95117899335481,221.7749723940837,0.34826878872092126,0
2025-06-10,58.72457562116837,237.69172611869217,0.3420094490451841,0
2025-06-11,75.48084946661382,230.86487056544377,0.3606850593215671,0
2025-06-12,77.59722501721483,190.22301156427451,0.5056543564829541,0
2025-06-13,65.95683374895592,177.60765133421978,0.1869111564674084,0
2025-06-14,81.38592458777374,202.81772493822407,0.3473632076811454,0
2025-06-15,58.3847993773104,164.63121268874298,0.20736188700184616,0
2025-06-16,74.33920201352683,206.46335428369562,0.3555512646342248,0
2025-06-17,62.889838002375434,197.04794827402662,0.20813134885139056,0
2025-06-18,68.4816389219784,190.67926996263515,0.25826331863949153,0
2025-06-19,75.47398671316414,168.1059386546641,0.27049100857620934,0
2025-06-20,66.39586634716048,210.27200213139434,0.3975816719344709,0
2025-06-21,71.15444455770175,189.3459832067618,0.3918454443942414,0
2025-06-22,85.0629280921444,176.60166328579425,0.17542826235536152,0
2025-06-23,69.23108130476851,142.554755734367,0.30549341109998485,0
2025-06-24,83.35692112065142,199.44970189898729,0.22904201452508272,0
2025-06-25,63.702931453423815,235.4450319333949,0.17414950893246653,0
2025-06-26,80.29804177915283,233.2251842909574,0.278298294957563,0
2025-06-27,89.41568620657901,190.85807486827457,0.269151721154418,0
2025-06-28,50.283554998727105,187.95575879276439,0.5426716486345522,0
2025-06-29,67.03104744529523,209.37548512150047,0.34329598253606963,0
2025-06-30,80.7707212718054,180.03229121623417,0.16223824992457625,0
2025-07-01,72.96954613957007,206.03583799638932,0.24352259958290576,0
2025-07-02,78.71145873371309,215.3216055676938,0.4021383295429398,0
2025-07-03,68.9601481328418,224.53866447768615,0.5088442772869926,1
2025-07-04,75.865897874729,197.99691847040094,0.14140166877620414,0
2025-07-05,73.44322764607921,195.92652499646067,0.11200756148609547,0
2025-07-06,86.67782061659807,182.4403482648688,0.4870965175371782,1
2025-07-07,77.54420843301213,183.46239291920278,0.3389614177370904,0
2025-07-08,78.37602662075201,195.47042216196945,0.21317072681236332,0
2025-07-09,70.88123033877532,207.34731013632356,0.3534629086122435,0
2025-07-10,70.12393775927507,218.27169252466499,0.036425226098312224,0
2025-07-11,70.6744181218038,183.9364209863931,0.30033755065971607,0
2025-07-12,78.94452142378297,229.85377137919045,0.3327821172843085,0
2025-07-13,70.79015519179737,194.5775279791486,0.392427013953783,0
2025-07-14,77.89774856896413,199.5726541130313,0.1986104047707462,0
2025-07-15,95.75400798645438,185.05576641704354,0.3085687161403359,0
2025-07-16,83.71124703431693,151.51519479454117,0.20745753739404127,0
2025-07-17,71.73976467832159,217.680907927221,0.3255383755674317,0
2025-07-18,87.01213922163944,214.73687794184866,0.21046536776369756,0
2025-07-19,70.91924626978448,194.37344885763574,0.2591899160839779,0
2025-07-20,54.61875464822146,201.33981434449743,0.20041846052097706,0
2025-07-21,64.91913689082595,210.318784354082,0.3651136241823657,0
2025-07-22,56.29208078974145,168.74908286226915,0.38584511166566654,0
2025-07-23,71.48486515958692,189.4189464530741,0.2765379430042586,0
2025-07-24,75.18418379189552,215.88529359243654,0.3038237994960028,0
2025-07-25,91.76437312275283,174.91421153661503,0.15514085853664558,0
2025-07-26,78.26927373764163,205.8711586433326,0.2700323351993213,0
2025-07-27,72.80899471191135,172.8683639075319,0.2949795382958255,0
2025-07-28,83.2940558118349,209.32859964867052,0.5620793091029975,0
2025-07-29,52.88864690992115,199.28717035405032,0.18880329742258362,0
2025-07-30,77.35614558108566,167.6973636818898,0.4464177238752437,0
2025-07-31,82.70865193886966,223.29478708914343,0.3996858773465808,0
2025-08-01,60.214137542201584,185.30816846403903,0.32806364044901365,0
2025-08-02,86.43754043206928,183.79495125971238,0.47586204841951335,1
2025-08-03,78.38496407494414,204.01138394461887,0.3372105472606863,0
2025-08-04,70.84712086099199,222.9727469885743,0.33891591956679284,0
2025-08-05,81.32781866106285,179.68356362043207,0.29468793469824545,0
2025-08-06,97.70692857804396,201.23359699695942,0.42235688824186274,1
2025-08-07,76.81866255058495,208.57633000661147,0.4096469233810884,0
2025-08-08,77.48220586300336,213.86211214526287,0.23743227125037875,0
2025-08-09,70.40639100459757,203.5288311055445,0.16807528054012325,0
2025-08-10,66.50155630535208,192.65944321833356,0.27970193626043427,0
2025-08-11,83.30335816544246,183.4481955870256,0.21999614356023534,0
2025-08-12,66.43916174091133,201.7228776609275,0.2936475425384645,0
2025-08-13,75.71566237219392,178.55721976028786,0.42374381346841394,0
2025-08-14,70.22342553234883,141.57299033010787,0.254269834491321,0
2025-08-15,79.78979825746391,208.73119608315335,0.2957176618688425,0
2025-08-16,78.33662105286949,218.0786968217239,0.3058022734808395,0
2025-08-17,85.375399442579,152.74135128916322,0.3848430882205285,0
2025-08-18,69.89983601145254,179.80538590580124,0.07531106660153947,0
2025-08-19,72.30125064706628,212.38308522010396,0.23932997052347033,0
2025-08-20,65.21236284217693,241.149909394234,0.32112836922794724,0
2025-08-21,70.55706739923889,200.41587415350816,0.42000789564268615,0
2025-08-22,78.77300493044852,185.43994117541732,0.2508097552493795,0
2025-08-23,82.56988616645351,196.3420711779032,0.11234472939581258,0
2025-08-24,65.77834675822375,227.4975283829637,0.3619711445966136,0
2025-08-25,83.6960592010566,187.08071641750928,0.23646376111743705,0
2025-08-26,88.55637858804951,184.01615986699494,0.18103333409096384,0
2025-08-27,79.13434903223701,190.34512955635935,0.2375654610286776,0
2025-08-28,93.76795812558066,180.93342783482575,0.281547464234415,0
2025-08-29,67.26210800896428,202.45340631989592,0.23952553354617873,0
2025-08-30,62.55345296688583,232.4935691693912,0.07944339429009306,0
2025-08-31,57.212797510957216,206.46158546232058,0.38970661968871323,0
2025-09-01,89.96044311489183,194.95292995747425,0.4274875041278722,1
2025-09-02,81.54365656354058,194.16377462168913,0.3651521991339506,0
2025-09-03,74.44415329089544,168.73618382606685,0.18623143295751832,0
2025-09-04,77.7996862631982,217.66219554294318,0.27985084660524817,0
2025-09-05,63.74510952701623,198.44325605974396,0.2993478684770542,0
2025-09-06,99.45751979616827,196.3904017281875,0.359879438956191,0
2025-09-07,76.29221181975228,263.86215135689724,0.3668340488718081,0
2025-09-08,76.09394794604893,205.97505816731373,0.2265826201221504,0
2025-09-09,82.25766623898691,184.96417899809632,0.30819955564135604,0
2025-09-10,79.81009231736714,191.47284807588915,0.3457280404615241,0
2025-09-11,77.23884024279131,222.9689141839351,0.44558223221467663,1
2025-09-12,67.09525544554688,202.26540821075528,0.3704506539824723,0
2025-09-13,79.71468357135996,171.23444043365265,0.3789056687375519,0
2025-09-14,93.82024496475034,218.38457869150406,0.3083826627929361,0
2025-09-15,88.45420046154977,186.63711828922013,0.44104591452035036,1
2025-09-16,90.93186626639397,237.4659555243509,0.3409762795959497,1
2025-09-17,69.88784323568815,221.60096131429296,0.21389120898264294,0
2025-09-18,65.1039517974142,191.05356208682497,0.44033699701251905,0
2025-09-19,73.74213079900352,225.62032723470224,0.36979032725390276,0
2025-09-20,75.55724912288694,201.35711021054806,0.25569559788715174,0
2025-09-21,85.94191518470949,217.05547350244439,0.25205070326007567,0
2025-09-22,58.07535370285181,209.69465634588948,0.3296575545140762,0
2025-09-23,90.29550319460614,183.07286690018253,0.3463184795267585,0
2025-09-24,73.4199210142101,187.12900335365077,0.31972922656312064,0
2025-09-25,70.7311893005258,220.59921635162323,0.3311308673442885,0
2025-09-26,64.87895624739832,193.30449335786918,0.46999573745763806,0
2025-09-27,58.451433281342304,191.92703073516006,0.40715431522348855,0
2025-09-28,83.23170583961914,180.89754841301294,0.3190635591265024,0
2025-09-29,75.73317967188405,208.47198131186923,0.3941310580767483,0
2025-09-30,62.10039100258946,241.2504983848629,0.19674760964724602,0
2025-10-01,62.04921227936384,178.64934171491456,0.3397927049946809,0
2025-10-02,71.64215300709871,200.48438913345515,0.480930634973311,0
2025-10-03,91.69021525289392,228.24441110830858,0.2781954104607626,1
2025-10-04,72.40408648636395,198.4071721750857,0.2152366071380915,0
2025-10-05,59.96857046881894,209.0474359249947,0.2347911111406939,0
2025-10-06,72.54256935914056,178.75212943706242,0.19103669626576114,0
2025-10-07,72.2727643025233,208.56614194415297,0.22152380918722964,0
2025-10-08,48.03113357058429,196.25711469990904,0.2629491901409971,0
2025-10-09,74.45705133482188,219.71459991359725,0.15944329808213578,0
2025-10-10,72.69065469791322,223.74772103129501,0.3015618333949603,0
2025-10-11,81.96206364813418,251.79127284037227,0.3902277173786647,0
2025-10-12,93.48956094945345,211.5926634642715,0.20922438198530796,0
2025-10-13,86.26565029547757,206.51592633164333,0.45192839236417687,1
2025-10-14,72.3111130944517,203.8876860315467,0.35107920885275945,0
2025-10-15,63.934740912583294,192.93667414378623,0.40305805856240573,0
2025-10-16,100.7335980324986,206.76967686923382,0.23421654461478628,0
2025-10-17,75.59218434014488,194.0919717972194,0.3854525227066616,0
2025-10-18,75.13929291912946,203.36921952539228,0.19080660996046866,0
2025-10-19,74.75874912889996,226.35195071215918,0.3890247500836509,0
2025-10-20,76.98084760767856,179.8691486944072,0.3171839339793531,0
2025-10-21,73.55639588076058,222.7975712225809,0.3553251219984784,0
2025-10-22,69.26337993119763,226.3423013467973,0.18244053943751481,0
2025-10-23,69.53141058759608,197.63862946017844,0.21049301577233953,0
2025-10-24,74.67246729784002,157.5629020198281,0.3597228218253385,0
2025-10-25,69.56575228866235,187.84356025811135,0.2051651995775799,0
2025-10-26,67.87154217322836,225.93989093122218,0.3463206292099123,0
2025-10-27,76.06430227691897,199.54263875402236,0.16328621935397541,0
2025-10-28,72.45022782579144,180.0139553541018,0.3848174212666668,0
2025-10-29,90.0399298858269,189.90450157543566,0.17674766852314908,0
2025-10-30,48.49030191606988,216.81240053009105,0.35522999376795233,0
2025-10-31,85.91506851922462,210.9346713640276,0.3625630933646001,0
2025-11-01,87.4608519249763,195.2213580166061,0.23032281815704247,0
2025-11-02,54.2660976759185,192.66351176370625,0.3582026567084727,0
2025-11-03,71.57312405919652,192.16483701912355,0.3260442263333556,0
2025-11-04,71.28559134004209,181.55179631002994,0.24611581438072616,0
2025-11-05,60.924883052821784,232.30751378938885,0.19914453159237916,0
2025-11-06,67.22183312409125,193.5535906157732,0.10373743083274206,0
2025-11-07,63.894241545341714,224.34317041650993,0.3349650047299694,0
2025-11-08,92.52270443423623,230.42632103844903,0.14351972286379447,1
2025-11-09,84.35678393147461,219.9662179629592,0.30953441994413083,0
2025-11-10,87.71555094994159,191.36759374563903,0.27365517839177506,0
2025-11-11,82.21672064043236,208.07460180673218,0.36791427754381956,0
2025-11-12,63.70948228782771,199.51608787218169,0.2697954500510136,0
2025-11-13,69.75479733720226,181.92596278539745,0.26705522136529086,0
2025-11-14,79.89374561227918,206.48718563443205,0.37318707042882954,0
2025-11-15,62.778721911080545,176.41920417680396,0.33350580290841175,0
2025-11-16,82.12998430172388,223.75358776923127,0.3316155957182778,0
2025-11-17,72.59674601841866,190.70765405403213,0.3469267589808526,0
2025-11-18,71.25179192450402,204.0231931174568,0.1464427876792894,0
2025-11-19,82.10959968203491,205.66575743092284,0.3756788679986982,0
2025-11-20,79.4426331148604,194.82190052591847,0.36124687940136024,0
2025-11-21,71.3903383418092,211.7338760295055,0.19833168714235028,0
2025-11-22,86.59329803364248,190.5019268675495,0.27559195263257985,0
2025-11-23,64.18936672400102,217.42594594914488,0.29606927123723686,0
2025-11-24,81.15935606944264,173.08040639506504,0.28655032155982674,0
2025-11-25,80.93101257968384,202.52759159092824,0.3333859966568535,0
2025-11-26,71.9045356068601,238.7785799811657,0.4431366781831183,1
2025-11-27,78.26133022242118,179.99337350788852,0.40817667276728287,0
2025-11-28,62.488864236146966,186.44510058950297,0.16877808065685937,0
2025-11-29,84.240270192069,210.2781569931783,0.3622069990306049,0
2025-11-30,73.15097863557011,203.59163563879196,0.43289333195354096,0
2025-12-01,69.7727697948096,207.01260198547118,0.33868085206892024,0
2025-12-02,85.49009225836889,209.78374260295328,0.4090980425185967,1
2025-12-03,67.9565630945724,212.6944293712354,0.5012270445700765,0
2025-12-04,60.91538703636441,222.19399683912445,0.40237095461069816,1
2025-12-05,59.433708264760966,208.19637313857027,0.3249308595641729,0
2025-12-06,81.0600995134564,195.17484690762916,0.40450884740847537,0
2025-12-07,62.19570647503717,213.45147402405462,0.3144887833096891,0
2025-12-08,92.54794181984364,237.9976386979043,0.30239030432849556,1
2025-12-09,54.18070592116278,197.34732507234853,0.26485857642862676,0
2025-12-10,91.96456368290038,180.50941390658716,0.4563413358832108,1
2025-12-11,77.11017467202619,222.14161338573945,0.21815713340579984,0
2025-12-12,74.03286888129608,197.59237672092803,0.4532367724678116,0
2025-12-13,69.5508091319105,156.54660907971927,0.34998641237403716,0
2025-12-14,78.9913611435207,216.94843354300843,0.16006938251980582,0
2025-12-15,74.62365297575151,189.29343628092155,0.33676492929914215,0
2025-12-16,86.03301882016521,198.1893343539168,0.08999734923483757,0
2025-12-17,76.1422764866204,206.6396066113803,0.36255080168310355,0
2025-12-18,76.50301761461877,203.80999359558132,0.3885231482988991,0
2025-12-19,71.36387787786144,214.18903634278078,0.24076440443479463,0
2025-12-20,74.43054376278933,191.29027258860313,0.31235476959555825,0
2025-12-21,78.0780176889206,210.26211596352167,0.49541574337502864,0
2025-12-22,57.89831607343375,194.80906644832166,0.2494253295738063,0
2025-12-23,61.518145778942866,214.77620961775006,0.19410924129433993,0
2025-12-24,82.43264094022715,212.30734968026107,0.4481663402462599,0
2025-12-25,76.70865438127942,181.2912259591081,0.4962587190530795,0
2025-12-26,73.1601666364732,221.71964232350064,0.30036956718478475,0
2025-12-27,75.18433933065393,189.28073109771904,0.40114630354083564,0
2025-12-28,78.47581705361671,216.1611559656229,0.43414759155308813,0
2025-12-29,69.60240319690638,207.3457462680268,0.2257515767461616,0
2025-12-30,67.21695274597687,236.76367353590246,0.25146941646321314,0
2025-12-31,76.95845255097682,195.53068035256297,0.4230874513154735,0
2026-01-01,65.21627222384969,193.01366407763604,0.4685014278708509,0
2026-01-02,79.08252755714472,199.61160788224535,0.35628808601743545,0
2026-01-03,57.9741639576216,193.93640434331448,0.21201856464979457,0
2026-01-04,85.29155637325644,215.998838038841,0.4987061111699441,1
2026-01-05,79.72597482413043,167.67378783126824,0.24690291021880353,0
2026-01-06,77.56029734313876,178.92635161707292,0.2664862218828548,0
2026-01-07,84.82690983945514,178.64394156841615,0.33423378344896215,0
2026-01-08,91.65474444462576,219.0061518394715,0.4554160420714774,1
2026-01-09,85.1437006501813,234.2122674516385,0.38539759765522236,1
2026-01-10,56.59125768668355,197.91101562925056,0.34148655003619105,0
2026-01-11,62.204230332642986,196.62356553619978,0.3463288530118106,0
2026-01-12,68.75181422304321,201.40104326226364,0.3043514668643466,0
2026-01-13,75.26091050210833,223.2375660521638,0.35581395145185063,0
2026-01-14,80.17659020469122,181.45293731618852,0.04704399223056965,0
2026-01-15,67.74256186846534,204.7673796546957,0.2703392540930202,0
2026-01-16,76.86766764477078,219.5039525956486,0.3241321934916781,0
2026-01-17,67.44617067646678,210.02188339879692,0.18489859163804928,0
2026-01-18,68.88482197008052,203.79163233197488,0.338632331781156,0
2026-01-19,60.93338903151778,220.02092185134282,0.27955287790138783,0
2026-01-20,65.76766753889096,145.93535414001525,0.475547569831549,0
2026-01-21,61.48315394383666,213.55750639061816,0.45730197252148563,0
2026-01-22,65.24126747022667,186.91848633745153,0.2534194430881837,0
2026-01-23,85.5364179660784,163.38734206287086,0.28491622884333045,0
2026-01-24,65.50601111168056,210.22405199049962,0.2926052434391607,0
2026-01-25,101.32382064837391,227.47317090325916,0.2548340523840377,1
2026-01-26,79.93317900880889,197.25102970744615,0.31950249840281264,0
2026-01-27,76.84836123694873,219.05749094405877,0.22417179311124097,0
2026-01-28,66.41642219818786,232.24556515977292,0.18693846650624735,0
2026-01-29,82.00309879408991,226.29828907168095,0.36227112239002685,0
2026-01-30,69.24362173762226,232.79929058742786,0.36295295842218106,0
2026-01-31,76.22009814645361,214.84254982143784,0.21956842403400073,0
2026-02-01,100.60084538268795,201.50867277803187,0.3895355430762599,0
2026-02-02,74.03940100275351,167.96068376205665,0.23684222708346686,0
2026-02-03,86.49273326285676,195.07875023740104,0.3253165238037981,0
2026-02-04,67.96823574874112,183.13506809367615,0.3820344012612456,0
2026-02-05,74.65011509503039,243.4188543499563,0.2966387435296287,0
2026-02-06,92.7080063563551,196.48228375135326,0.34547409121411343,0
2026-02-07,68.73032942212232,202.46409613568972,0.2483570356112428,0
2026-02-08,93.12448557996929,211.02970752080935,0.2803533416571903,0
2026-02-09,82.07751935455475,200.87204892744907,0.27941405691196597,0
2026-02-10,69.37533224105732,233.90102080861504,0.2253421653459761,0
2026-02-11,81.3240773905552,187.54701276531097,0.2823225836884218,0
2026-02-12,84.7255444962673,203.89214910474485,0.14513817011362531,0
2026-02-13,81.21809962217196,185.15058828603904,0.25088462528578953,0
2026-02-14,59.297752801095434,173.5995497755859,0.2715124506630329,0
2026-02-15,67.72862824175131,187.7646181818943,0.274382024750462,0
2026-02-16,72.52481364448495,199.25926405903175,0.27585025541292213,0
2026-02-17,74.25566570899954,191.4139555096548,0.2938235800139871,0
2026-02-18,81.20672097550678,186.15158040252288,0.3479441518086064,0
2026-02-19,76.77701000933254,171.8736507265633,0.38745170741325224,0
2026-02-20,61.64655641289899,198.3378885474261,0.23502347731517326,0
2026-02-21,78.80197851005963,169.90559251937995,0.17967991446108555,0
2026-02-22,81.10585745283824,215.20111927379205,0.1957955587756897,0
2026-02-23,80.5979044793104,201.64879505869007,0.25127970788050724,0
2026-02-24,85.80780725554622,170.84897001070138,0.26480786821834906,0
2026-02-25,83.33922154548904,193.81581845900274,0.22300039338025424,0
2026-02-26,79.59180079228437,184.95687188818835,0.17038833357501054,0
2026-02-27,74.29834288541353,206.38349020838362,0.25438791725258114,0
2026-02-28,58.39039066484008,226.8090089204629,0.3181426620113971,0
2026-03-01,79.29618219132585,162.4965506070851,0.35950294658355647,0
2026-03-02,77.07687687163111,202.30052158294833,0.24425769468916786,0
2026-03-03,77.71578837195374,196.7973440886672,0.25870021778565655,0
2026-03-04,62.232514241796906,213.4268015290093,0.20733016911526891,0
2026-03-05,64.18943459591738,204.2639325647538,0.29685608296252236,0
2026-03-06,85.53152853332904,184.96061336522362,0.2151571365809185,0
2026-03-07,74.60444846143345,193.61892128666764,0.35731278132412003,0
2026-03-08,81.81500697372624,184.07948286393022,0.12141335080658885,0
2026-03-09,75.28318376130461,221.52014277197196,0.26403703275475376,0
2026-03-10,75.29756139495746,200.42623297343886,0.3301107339191742,0
2026-03-11,84.38283805975998,238.02381371506016,0.3183834516322504,0
2026-03-12,69.83955271782627,198.78678372370757,0.5693033663980497,0
2026-03-13,75.96120776940984,185.83186466179075,0.3349800024567907,0
2026-03-14,70.37724711294958,169.72571214774345,0.19959454031579896,0
2026-03-15,70.65503772567685,163.9372064748811,0.29045357529109267,0
2026-03-16,71.90827876531361,168.3172811398902,0.1223753666533548,0
2026-03-17,77.22133771633713,205.34253302022967,0.2919400250703239,0
2026-03-18,70.21251378336522,210.17450046459868,0.2166943942999241,0
2026-03-19,87.55756125573521,168.37618595935734,0.39153902755601616,0
2026-03-20,66.05392697780496,217.9007662815223,0.2450459725404465,0
2026-03-21,73.13128355838641,190.3387789663312,0.2883234084204753,0
2026-03-22,70.60268941725825,202.935860239711,0.23644421585955966,0
2026-03-23,89.46977884353733,232.2444125651085,0.47388513518533315,1
2026-03-24,76.96554776511574,217.93678631731063,0.2678757233882088,0
2026-03-25,85.31844539468635,194.62938704188335,0.4832557043479202,1
2026-03-26,60.14439626963028,182.17615549169426,0.38141517621182663,0
2026-03-27,77.67050265869258,156.96369197341392,0.3482066727335386,0
2026-03-28,83.89630795623437,185.6169336151516,0.33687331473175197,0
2026-03-29,75.82283989275425,195.77739522344612,0.3393797298216251,0
2026-03-30,85.65480375065351,180.25640945697631,0.10723274206543898,0
2026-03-31,69.82711549899628,197.3748606581539,0.2721116605849243,0
2026-04-01,89.0934744018558,201.53703765917535,0.38451579711843215,0
2026-04-02,97.9889812361925,195.50288036383841,0.29511028165258946,0
2026-04-03,71.37161439560342,186.9999483835308,0.15948101531964248,0
2026-04-04,70.54497478599228,203.37309343933455,0.29475955494225303,0
2026-04-05,89.533844771177,208.83881299138818,0.4704105516255491,1
2026-04-06,90.79572145730712,178.19201845114307,0.42468917155347197,1
2026-04-07,69.77139972846732,228.21864759492541,0.2937995990633968,0
2026-04-08,70.79813182904142,198.02823735431477,0.39514492770580867,0
2026-04-09,72.18215391139493,200.37699245889695,0.2633492979631948,0
2026-04-10,61.555494889657226,214.16428846513114,0.1296128413173281,0
2026-04-11,65.81348053515802,204.66432262527005,0.20755340118704454,0
2026-04-12,64.95859233247933,219.0627326782649,0.45628887685081976,0
2026-04-13,67.32202434895872,205.74248330403648,0.2726006918170696,0
2026-04-14,74.65315112613219,187.75125250719125,0.2756616020624982,0
2026-04-15,77.3421473253652,207.23007050412204,0.27001618037251196,0
2026-04-16,90.50500492814076,177.12547585358675,0.4904136589573007,1
2026-04-17,65.0164595926121,202.17119411553045,0.46259589153620634,0
2026-04-18,84.84322398476584,199.3354001871108,0.5218780233448134,0
2026-04-19,72.86011155774491,195.8376628545492,0.2840954789599949,0
2026-04-20,74.50536290347567,197.42924977122138,0.3295624488747095,0
2026-04-21,81.74819492166604,162.3630190900472,0.14833574505792085,0
2026-04-22,63.772779784377015,189.02550184518077,0.4476934426118274,0
2026-04-23,78.82409746184051,201.8568980228223,0.18322204487320648,0
2026-04-24,76.66452208213056,203.197127839948,0.3216775563762629,0
2026-04-25,79.92451264008149,179.44649718148082,0.19026974723671558,0
2026-04-26,77.89168643907819,225.31415681729402,0.2411133173261304,0
2026-04-27,99.55300139910895,182.67650303570997,0.21627375689502995,0
2026-04-28,68.62260015748684,219.38914401053472,0.2392124739324182,0
2026-04-29,69.69003044998182,208.5438872374337,0.24608772968510212,0
2026-04-30,68.76859473575236,187.07545380312393,0.2451731205074923,0
2026-05-01,69.44522880839746,235.50621785219025,0.3833333911780307,0
2026-05-02,68.62612872693482,176.1272633648704,0.18951372069374797,0
2026-05-03,86.89016531107552,218.38308347220004,0.32205414270138666,0
2026-05-04,89.20504247989855,220.01164636085957,0.4217959152305558,1
2026-05-05,69.29253706250523,186.5875958184671,0.24868036354866038,0
2026-05-06,66.67644426895771,227.84930600128658,0.2282081109252398,0
2026-05-07,79.71415556386404,194.99906970802095,0.2769475374819749,0
2026-05-08,69.47776955719029,205.77387258559713,0.417972520836071,0
2026-05-09,81.32931817755511,205.2064367754244,0.3194107630953358,0
2026-05-10,77.029230208513,197.31382517058904,0.24687857053924014,0
2026-05-11,59.84255885002768,216.21616546319564,0.348387665118804,0
2026-05-12,90.47505201330061,215.86977441104426,0.18977078501635763,0
2026-05-13,92.95877673095522,165.02936053523638,0.3681359510442948,0
2026-05-14,68.87211309515614,226.08680485756304,0.34086073077017676,0
2026-05-15,71.12298440064016,166.75016023928652,0.2692191528861116,0
2026-05-16,77.85865390724905,220.65092408683316,0.21614142015527688,0
2026-05-17,78.34456789987026,222.53410273655166,0.21133190777165425,0
2026-05-18,81.5854427267283,178.18067139569604,0.353481733634591,0
2026-05-19,95.1020453876635,191.7837142409083,0.4228980502489062,1
2026-05-20,73.2305277250595,177.88590663028128,0.23626922529712052,0
2026-05-21,67.01702755461547,195.7015793942253,0.3458386703551484,0
2026-05-22,61.20680771985473,193.83931431628517,0.09129729813979309,0
2026-05-23,67.69069960058081,215.5932106453868,0.24153822693428004,0
2026-05-24,74.66873027126204,226.20617492239217,0.2968941067129098,0
2026-05-25,92.94557863517788,227.91367621579911,0.20903165830181664,1
2026-05-26,69.82388700963828,188.75663946843395,0.20634936252104039,0
2026-05-27,77.23787951638899,195.81556252510944,0.23322204435311136,0
2026-05-28,74.83577103927247,166.331236155581,0.3292192728326373,0
2026-05-29,86.88393273448084,183.88259867007622,0.2812670981593625,0
2026-05-30,100.26932425873622,219.29703266194915,0.07617687666750278,0
2026-05-31,69.6913122707968,232.31165647096464,0.08792998473649336,0
2026-06-01,70.10560557481777,175.31302256240156,0.23931348221428245,0
2026-06-02,85.44160877069072,188.15071481694213,0.3457686586053552,0
2026-06-03,81.81891489626311,199.47188486082146,0.025249515727476524,0
2026-06-04,93.46707325736034,205.60322317639213,0.2500269823848369,0
2026-06-05,80.83928185325964,183.80792960156708,0.24737521434825788,0
2026-06-06,71.40707909212941,208.4812208892818,0.43883377782084476,0
2026-06-07,80.9065483069231,190.5232130585817,0.2614978188287136,0
2026-06-08,86.08703580582907,199.71095458243443,0.33829889847409284,0
2026-06-09,83.20482181197364,210.925684960074,0.31412571400874634,0
2026-06-10,80.07274031107298,200.12844539621875,0.08694335201927991,0
2026-06-11,85.66674689589154,191.27228218946863,0.3768207216631737,0
2026-06-12,86.69295590445672,197.80780392148338,0.3215396505456288,0
2026-06-13,88.82158991037527,198.2327408158933,0.35082686396745894,0
2026-06-14,81.48709887589642,192.59977940235746,0.6926237706436327,0
2026-06-15,73.32881919683146,194.82407874665796,0.09158870605014113,0
2026-06-16,76.46713686433323,231.97294341009433,0.47246966497611087,1
2026-06-17,87.06508966508358,211.2183889588248,0.2712552480599644,0
2026-06-18,66.83064329012764,194.0903936394168,0.3287328904403009,0
2026-06-19,78.68673308872901,213.9390880902147,0.29544877546987575,0
2026-06-20,71.0666118767264,193.3236102048798,0.2575763666601956,0
2026-06-21,75.28744822934817,223.46249275173284,0.2430167071761241,0
2026-06-22,87.78451862607298,207.39284384396188,0.3329508735573009,0
2026-06-23,76.91099068019903,197.85395711991544,0.14828263033283207,0
2026-06-24,75.46436548156149,208.95433851620555,0.37505791675217653,0
2026-06-25,61.40143859020081,168.58247695863002,0.2583805595114746,0
2026-06-26,82.46253566027221,177.46465062180388,0.18699306609596422,0
2026-06-27,81.45484181141076,176.1214998720189,0.25499871420041864,0
2026-06-28,96.6325472330546,202.85886189527415,0.42571492168625724,1
2026-06-29,71.92221765046999,234.65029998970184,0.24646649129837767,0
2026-06-30,77.1915032766394,244.62600292385264,0.33584536182096203,0
2026-07-01,77.49383683710755,212.76102202881515,0.22690437242845266,0
2026-07-02,90.77453279763475,210.01688949888913,0.37579218499236194,0
2026-07-03,74.04704467613048,163.9788453169452,0.3685507738790204,0
2026-07-04,77.7902152577034,189.14652400531958,0.48486088332964117,0
2026-07-05,81.0789650971654,184.24432496183522,0.28244360545007846,0
2026-07-06,76.86609123156359,187.58304803497768,0.36686548047579065,0
2026-07-07,70.53566385449471,196.6371236283042,0.30980675395389445,0
2026-07-08,76.94089992898307,190.55818844605744,0.42958717818630143,0
2026-07-09,85.73631749859771,160.41400379248424,0.22811676123912694,0
2026-07-10,64.73484700588939,214.95820512235068,0.3745005312877281,0
2026-07-11,76.32969674146877,178.54513948520386,0.28053027038833184,0
2026-07-12,67.99879185060827,204.78493728222298,0.2935811822891502,0
2026-07-13,86.95046628924842,241.48165339499946,0.3091752484448373,1
2026-07-14,59.76813095216225,181.61230816827154,0.3252240396426677,0
2026-07-15,69.41078152728412,149.39424954507342,0.2883770956878042,0
2026-07-16,78.7721187506452,194.27991556239778,0.3214713183170526,0
2026-07-17,90.65524029234341,222.01919269997143,0.45781180575621844,1
2026-07-18,74.34249738927012,239.16694908441187,0.39854496856152183,0
2026-07-19,69.44800473306802,175.40900811095167,0.3869154592496896,0
2026-07-20,93.8115706944059,209.93398446473043,0.2544460473976129,0
2026-07-21,60.51986099583756,190.69379086439892,0.21107591717716756,0
2026-07-22,53.01194043379918,197.8810329139173,0.39553005582377526,0
2026-07-23,79.40014450053333,252.8868669403407,0.3876046792529794,0
2026-07-24,69.97945775647389,169.94059343209693,0.44726706757509815,0
2026-07-25,64.78767182869287,205.07479322989147,0.23960193740307703,0
2026-07-26,82.08356447299353,209.35386343530865,0.2770451344639653,0
2026-07-27,77.43800713771199,221.71572649878695,0.13605158374745657,0
2026-07-28,69.35921369263272,201.9596630694179,0.2607528893939127,0
2026-07-29,62.19695601329106,206.16101079008206,0.3996570510579447,0
2026-07-30,83.72457328280144,192.16702865156418,0.2533504620771802,0
2026-07-31,81.50201177958661,205.38253882490216,0.3640479795200824,0
2026-08-01,74.00824136220618,193.13615449005178,0.28094968940021886,0
2026-08-02,93.46636996047665,212.43143779712102,0.33240570282215604,0
2026-08-03,64.29915233673847,192.60779327912732,0.18523086101843325,0
2026-08-04,59.74474829075261,207.54200787804373,0.3085209449633901,0
2026-08-05,68.08091930118755,199.41474372630043,0.0008864029099276416,0
2026-08-06,74.54413983644503,222.52100501544336,0.2813103841838015,0
2026-08-07,77.43339449322691,198.97212552823026,0.13695267562848595,0
2026-08-08,72.5876394214367,164.53935063586238,0.4205994516546816,0
2026-08-09,78.52055396514297,225.23843001427983,0.37774073527645113,0
2026-08-10,62.48460575809556,181.88535398274763,0.3466670981966081,0
2026-08-11,89.4376460407326,186.92467322702362,0.452100622715938,1
2026-08-12,74.17848821607431,188.08677411913015,0.20510834791751625,0
2026-08-13,86.17295831588127,227.48876186341636,0.47473631979155584,1
2026-08-14,78.42725346377703,157.28651572042608,0.39321915642603844,0
2026-08-15,79.56753219153784,262.75497067319986,0.2763444712781054,0
2026-08-16,80.69767280232205,221.12113618132105,0.4135620147182944,1
2026-08-17,79.47708560017315,204.46477828258318,0.18937064875883658,0
2026-08-18,81.42722759867544,198.90211998767427,0.21754858384723263,0
2026-08-19,88.29152530132431,205.71108149715315,0.23914102767602996,0
2026-08-20,76.9652116970147,210.42244856758677,0.24710222919359848,0
2026-08-21,82.09003757588512,212.90431171900113,0.1943442357239747,0
2026-08-22,74.10264305712774,211.11208932006897,0.4223083067095325,0
2026-08-23,89.40117215449473,201.791613625105,0.2741145599630168,0
2026-08-24,68.2360769794073,196.05323159385347,0.33525049683568797,0
2026-08-25,93.00940432910815,196.97453432692976,0.24296486335863193,0
2026-08-26,74.59842049355656,196.1018343929464,0.11793966994514826,0
2026-08-27,60.69224897881952,222.6754019373413,0.3270057358391422,0
2026-08-28,76.2810441491079,211.87113444561723,0.10877450245802228,0
2026-08-29,68.1894834252512,141.1922273067144,0.29313659539145315,0
2026-08-30,83.40643548988724,213.11801553059522,0.16316849611671894,0
2026-08-31,68.4737602069761,203.8947238943755,0.4987275999230808,0
2026-09-01,70.5381656678522,199.62582487108205,0.39113627221747216,0
2026-09-02,56.10459269054469,192.22963093822227,0.31057537912714805,0
2026-09-03,70.47693680750923,222.48225439972026,0.42637066776546684,1
2026-09-04,50.76120673371044,218.95052924245715,0.2153684022534264,0
2026-09-05,59.16097176514277,184.54244664352782,0.3543479378670093,0
2026-09-06,82.60414656144297,208.1410457424907,0.31998104337187133,0
2026-09-07,82.85800158650832,180.5668653091743,0.326402008133367,0
2026-09-08,79.25457561784965,172.40763670422137,0.4272353500106768,0
2026-09-09,65.33023856870787,187.4656555082007,0.3732492102779802,0
2026-09-10,74.5228864385802,217.24786944765518,0.3288723662825023,0
2026-09-11,74.96397460909432,219.06250090752172,0.13451125637717037,0
2026-09-12,63.416353108074574,210.26170840194587,0.20399537047205363,0
2026-09-13,90.0339830176715,214.50191573695994,0.28772910664042756,0
2026-09-14,83.77362290575671,210.32356574229917,0.3093372374276651,0
2026-09-15,72.79035826170336,187.17036809554097,0.1869796275326076,0
2026-09-16,75.26885838994531,208.63845089347882,0.5411676675578421,0
2026-09-17,77.08382807947552,216.00819050455365,0.4516394055253573,0
2026-09-18,54.58265131575709,215.0858265962715,0.36021183203924834,0
2026-09-19,72.52822617479403,223.77826742949287,0.30720368612837445,0
2026-09-20,68.18015752002202,214.16607694402128,0.27877910300988484,0
2026-09-21,64.98379990105084,207.02896415083165,0.2048081539977764,0
2026-09-22,72.18899707114045,221.40300476632854,0.30774805185188625,0
2026-09-23,92.97686526849523,199.4695748150188,0.32577525401427504,0
2026-09-24,81.4084286126701,182.36250697544565,0.17582394245183755,0
2026-09-25,69.28821010217203,196.73866072112472,0.33341764172448973,0
2026-09-26,80.72582781356158,185.10194710387103,0.28447409511752514,0
